{
    "__comment": "This model was created with freundTech's Blender2Minecraft converter (BETA)",
    "ambientocclusion": false,
    "textures": {
        "dark_oak_door_upper": "blocks/dark_oak_door_upper",
        "particle": "blocks/dark_oak_door_upper"
    },
    "elements": [
        {   "__comment": "Cube",
            "from": [ 0.5, 0.0, 0.5 ],
            "to": [ 2.5, 0.5, 15.5 ],
            "faces": {
                "east": { "uv": [ 0.5, 8.5, 15.5, 9.0 ], "texture": "#dark_oak_door_upper", "rotation": 0 },
                "north": { "uv": [ 0.0, 0.0, 16.0, 16.0 ], "texture": "#dark_oak_door_upper", "rotation": 0 },
                "west": { "uv": [ 0.5, 8.5, 15.5, 9.0 ], "texture": "#dark_oak_door_upper", "rotation": 0 },
                "south": { "uv": [ 0.0, 0.0, 16.0, 16.0 ], "texture": "#dark_oak_door_upper", "rotation": 0 },
                "up": { "uv": [ 0.0, 1.5, 16.0, 2.5 ], "texture": "#dark_oak_door_upper", "rotation": 270 },
                "down": { "uv": [ 0.0, 0.0, 16.0, 16.0 ], "texture": "#dark_oak_door_upper", "rotation": 90 }
            }
        },
        {   "__comment": "Cube",
            "from": [ 0.0, 0.0, 0.0 ],
            "to": [ 3.0, 0.5, 1.5 ],
            "faces": {
                "east": { "uv": [ 14.5, 8.5, 16.0, 16.0 ], "texture": "#dark_oak_door_upper", "rotation": 0 },
                "north": { "uv": [ 2.5, 13.5, 5.5, 14.0 ], "texture": "#dark_oak_door_upper", "rotation": 0 },
                "west": { "uv": [ 0.0, 8.5, 1.5, 16.0 ], "texture": "#dark_oak_door_upper", "rotation": 0 },
                "south": { "uv": [ 14.5, 8.5, 15.0, 16.0 ], "texture": "#dark_oak_door_upper", "rotation": 0 },
                "up": { "uv": [ 14.5, 0.0, 16.0, 2.5 ], "texture": "#dark_oak_door_upper", "rotation": 270 },
                "down": { "uv": [ 7.5, 9.5, 9.0, 12.5 ], "texture": "#dark_oak_door_upper", "rotation": 90 }
            }
        },
        {   "__comment": "Cube",
            "from": [ 0.0, 0.0, 14.5 ],
            "to": [ 3.0, 0.5, 16.0 ],
            "faces": {
                "east": { "uv": [ 0.0, 8.5, 1.5, 9.0 ], "texture": "#dark_oak_door_upper", "rotation": 0 },
                "north": { "uv": [ 1.0, 8.5, 1.5, 9.0 ], "texture": "#dark_oak_door_upper", "rotation": 0 },
                "west": { "uv": [ 14.5, 8.5, 16.0, 9.0 ], "texture": "#dark_oak_door_upper", "rotation": 0 },
                "south": { "uv": [ 2.5, 11.5, 5.5, 12.0 ], "texture": "#dark_oak_door_upper", "rotation": 0 },
                "up": { "uv": [ 0.0, 0.0, 1.5, 2.5 ], "texture": "#dark_oak_door_upper", "rotation": 270 },
                "down": { "uv": [ 10.5, 11.0, 12.0, 14.0 ], "texture": "#dark_oak_door_upper", "rotation": 90 }
            }
        },
        {   "__comment": "Cube",
            "from": [ 0.0, 14.5, 1.0 ],
            "to": [ 3.0, 16.0, 15.0 ],
            "faces": {
                "east": { "uv": [ 1.0, 0.0, 15.0, 1.5 ], "texture": "#dark_oak_door_upper", "rotation": 0 },
                "north": { "uv": [ 0.0, 0.0, 16.0, 16.0 ], "texture": "#dark_oak_door_upper", "rotation": 0 },
                "west": { "uv": [ 1.0, 0.0, 15.0, 1.5 ], "texture": "#dark_oak_door_upper", "rotation": 0 },
                "south": { "uv": [ 0.0, 0.0, 16.0, 16.0 ], "texture": "#dark_oak_door_upper", "rotation": 0 },
                "up": { "uv": [ 1.0, 0.0, 15.0, 1.5 ], "texture": "#dark_oak_door_upper", "rotation": 270 },
                "down": { "uv": [ 1.0, 1.0, 15.0, 1.5 ], "texture": "#dark_oak_door_upper", "rotation": 90 }
            }
        },
        {   "__comment": "Cube",
            "from": [ 1.0, 0.5, 0.5 ],
            "to": [ 2.0, 1.0, 15.5 ],
            "faces": {
                "east": { "uv": [ 0.5, 6.0, 15.5, 6.5 ], "texture": "#dark_oak_door_upper", "rotation": 0 },
                "north": { "uv": [ 0.0, 0.0, 16.0, 16.0 ], "texture": "#dark_oak_door_upper", "rotation": 0 },
                "west": { "uv": [ 0.5, 6.0, 15.5, 6.5 ], "texture": "#dark_oak_door_upper", "rotation": 0 },
                "south": { "uv": [ 0.0, 0.0, 16.0, 16.0 ], "texture": "#dark_oak_door_upper", "rotation": 0 },
                "up": { "uv": [ 0.0, 1.5, 16.0, 2.5 ], "texture": "#dark_oak_door_upper", "rotation": 270 },
                "down": { "uv": [ 0.0, 0.0, 16.0, 16.0 ], "texture": "#dark_oak_door_upper", "rotation": 90 }
            }
        },
        {   "__comment": "Cube",
            "from": [ 0.5, 0.5, 0.0 ],
            "to": [ 2.5, 1.0, 1.5 ],
            "faces": {
                "east": { "uv": [ 14.5, 15.0, 16.0, 15.5 ], "texture": "#dark_oak_door_upper", "rotation": 0 },
                "north": { "uv": [ 0.5, 15.0, 3.5, 15.5 ], "texture": "#dark_oak_door_upper", "rotation": 0 },
                "west": { "uv": [ 0.0, 15.0, 1.5, 15.5 ], "texture": "#dark_oak_door_upper", "rotation": 0 },
                "south": { "uv": [ 14.5, 15.0, 15.0, 15.5 ], "texture": "#dark_oak_door_upper", "rotation": 0 },
                "up": { "uv": [ 14.5, 7.0, 16.0, 9.5 ], "texture": "#dark_oak_door_upper", "rotation": 270 },
                "down": { "uv": [ 7.5, 16.5, 9.0, 19.5 ], "texture": "#dark_oak_door_upper", "rotation": 90 }
            }
        },
        {   "__comment": "Cube",
            "from": [ 0.5, 0.5, 14.5 ],
            "to": [ 2.5, 1.0, 16.0 ],
            "faces": {
                "east": { "uv": [ 0.0, 15.0, 1.5, 15.5 ], "texture": "#dark_oak_door_upper", "rotation": 0 },
                "north": { "uv": [ 1.0, 15.0, 1.5, 15.5 ], "texture": "#dark_oak_door_upper", "rotation": 0 },
                "west": { "uv": [ 14.5, 15.0, 16.0, 15.5 ], "texture": "#dark_oak_door_upper", "rotation": 0 },
                "south": { "uv": [ 0.5, 15.0, 3.5, 15.5 ], "texture": "#dark_oak_door_upper", "rotation": 0 },
                "up": { "uv": [ 0.0, 0.0, 1.5, 2.5 ], "texture": "#dark_oak_door_upper", "rotation": 270 },
                "down": { "uv": [ 10.5, 11.0, 12.0, 14.0 ], "texture": "#dark_oak_door_upper", "rotation": 90 }
            }
        },
        {   "__comment": "Cube",
            "from": [ 0.5, 1.0, 0.5 ],
            "to": [ 2.5, 9.5, 15.5 ],
            "faces": {
                "east": { "uv": [ 0.5, 6.5, 15.5, 15.0 ], "texture": "#dark_oak_door_upper", "rotation": 0 },
                "north": { "uv": [ 0.0, 0.0, 16.0, 16.5 ], "texture": "#dark_oak_door_upper", "rotation": 0 },
                "west": { "uv": [ 0.5, 6.5, 15.5, 15.0 ], "texture": "#dark_oak_door_upper", "rotation": 0 },
                "south": { "uv": [ 0.0, 0.0, 16.0, 16.5 ], "texture": "#dark_oak_door_upper", "rotation": 0 },
                "up": { "uv": [ 0.0, 8.5, 16.0, 9.5 ], "texture": "#dark_oak_door_upper", "rotation": 270 },
                "down": { "uv": [ 0.0, 0.0, 16.0, 16.5 ], "texture": "#dark_oak_door_upper", "rotation": 90 }
            }
        },
        {   "__comment": "Cube",
            "from": [ 0.0, 1.0, 0.0 ],
            "to": [ 3.0, 9.5, 1.5 ],
            "faces": {
                "east": { "uv": [ 14.5, 6.5, 16.0, 15.0 ], "texture": "#dark_oak_door_upper", "rotation": 0 },
                "north": { "uv": [ 2.5, 6.5, 5.5, 15.0 ], "texture": "#dark_oak_door_upper", "rotation": 0 },
                "west": { "uv": [ 0.0, 6.5, 1.5, 15.0 ], "texture": "#dark_oak_door_upper", "rotation": 0 },
                "south": { "uv": [ 14.5, 6.5, 15.0, 15.0 ], "texture": "#dark_oak_door_upper", "rotation": 0 },
                "up": { "uv": [ 14.5, 6.5, 16.0, 9.5 ], "texture": "#dark_oak_door_upper", "rotation": 270 },
                "down": { "uv": [ 7.5, 10.5, 9.0, 13.5 ], "texture": "#dark_oak_door_upper", "rotation": 90 }
            }
        },
        {   "__comment": "Cube",
            "from": [ 0.0, 1.0, 14.5 ],
            "to": [ 3.0, 9.5, 16.0 ],
            "faces": {
                "east": { "uv": [ 0.0, 6.5, 1.5, 15.0 ], "texture": "#dark_oak_door_upper", "rotation": 0 },
                "north": { "uv": [ 1.0, 6.5, 1.5, 15.0 ], "texture": "#dark_oak_door_upper", "rotation": 0 },
                "west": { "uv": [ 14.5, 6.5, 16.0, 15.0 ], "texture": "#dark_oak_door_upper", "rotation": 0 },
                "south": { "uv": [ 2.5, 6.5, 5.5, 15.0 ], "texture": "#dark_oak_door_upper", "rotation": 0 },
                "up": { "uv": [ 0.0, 6.5, 1.5, 9.5 ], "texture": "#dark_oak_door_upper", "rotation": 270 },
                "down": { "uv": [ 10.5, 12.0, 12.0, 15.0 ], "texture": "#dark_oak_door_upper", "rotation": 90 }
            }
        },
        {   "__comment": "Cube",
            "from": [ 1.0, 9.5, 0.5 ],
            "to": [ 2.0, 10.0, 15.5 ],
            "faces": {
                "east": { "uv": [ 0.5, 6.0, 15.5, 6.5 ], "texture": "#dark_oak_door_upper", "rotation": 0 },
                "north": { "uv": [ 0.0, 0.0, 16.0, 16.0 ], "texture": "#dark_oak_door_upper", "rotation": 0 },
                "west": { "uv": [ 0.5, 6.0, 15.5, 6.5 ], "texture": "#dark_oak_door_upper", "rotation": 0 },
                "south": { "uv": [ 0.0, 0.0, 16.0, 16.0 ], "texture": "#dark_oak_door_upper", "rotation": 0 },
                "up": { "uv": [ 0.0, 1.5, 16.0, 2.5 ], "texture": "#dark_oak_door_upper", "rotation": 270 },
                "down": { "uv": [ 0.0, 0.0, 16.0, 16.0 ], "texture": "#dark_oak_door_upper", "rotation": 90 }
            }
        },
        {   "__comment": "Cube",
            "from": [ 0.5, 9.5, 0.0 ],
            "to": [ 2.5, 10.0, 1.5 ],
            "faces": {
                "east": { "uv": [ 14.5, 6.0, 16.0, 6.5 ], "texture": "#dark_oak_door_upper", "rotation": 0 },
                "north": { "uv": [ 4.5, 6.0, 7.5, 6.5 ], "texture": "#dark_oak_door_upper", "rotation": 0 },
                "west": { "uv": [ 0.0, 6.0, 1.5, 6.5 ], "texture": "#dark_oak_door_upper", "rotation": 0 },
                "south": { "uv": [ 14.5, 6.0, 15.0, 6.5 ], "texture": "#dark_oak_door_upper", "rotation": 0 },
                "up": { "uv": [ 14.5, 0.0, 16.0, 2.5 ], "texture": "#dark_oak_door_upper", "rotation": 270 },
                "down": { "uv": [ 7.5, 7.5, 9.0, 10.5 ], "texture": "#dark_oak_door_upper", "rotation": 90 }
            }
        },
        {   "__comment": "Cube",
            "from": [ 0.5, 9.5, 14.5 ],
            "to": [ 2.5, 10.0, 16.0 ],
            "faces": {
                "east": { "uv": [ 0.0, 6.0, 1.5, 6.5 ], "texture": "#dark_oak_door_upper", "rotation": 0 },
                "north": { "uv": [ 1.0, 6.0, 1.5, 6.5 ], "texture": "#dark_oak_door_upper", "rotation": 0 },
                "west": { "uv": [ 14.5, 6.0, 16.0, 6.5 ], "texture": "#dark_oak_door_upper", "rotation": 0 },
                "south": { "uv": [ 0.5, 6.0, 3.5, 6.5 ], "texture": "#dark_oak_door_upper", "rotation": 0 },
                "up": { "uv": [ 0.0, 2.0, 1.5, 4.5 ], "texture": "#dark_oak_door_upper", "rotation": 270 },
                "down": { "uv": [ 10.5, 9.0, 12.0, 12.0 ], "texture": "#dark_oak_door_upper", "rotation": 90 }
            }
        },
        {   "__comment": "Cube",
            "from": [ 0.5, 10.0, 0.5 ],
            "to": [ 2.5, 15.5, 15.5 ],
            "faces": {
                "east": { "uv": [ 0.5, 0.5, 15.5, 6.0 ], "texture": "#dark_oak_door_upper", "rotation": 0 },
                "north": { "uv": [ 0.0, 0.5, 16.0, 6.0 ], "texture": "#dark_oak_door_upper", "rotation": 0 },
                "west": { "uv": [ 0.5, 0.5, 15.5, 6.0 ], "texture": "#dark_oak_door_upper", "rotation": 0 },
                "south": { "uv": [ 0.0, 0.5, 16.0, 6.0 ], "texture": "#dark_oak_door_upper", "rotation": 0 },
                "down": { "uv": [ 0.0, 0.5, 16.0, 6.0 ], "texture": "#dark_oak_door_upper", "rotation": 90 }
            }
        },
        {   "__comment": "Cube",
            "from": [ 0.0, 10.0, 0.0 ],
            "to": [ 3.0, 16.0, 1.5 ],
            "faces": {
                "east": { "uv": [ 14.5, 0.0, 16.0, 6.0 ], "texture": "#dark_oak_door_upper", "rotation": 0 },
                "north": { "uv": [ 2.5, 8.0, 5.5, 14.0 ], "texture": "#dark_oak_door_upper", "rotation": 0 },
                "west": { "uv": [ 0.0, 0.0, 1.5, 6.0 ], "texture": "#dark_oak_door_upper", "rotation": 0 },
                "south": { "uv": [ 14.5, 0.0, 15.0, 6.0 ], "texture": "#dark_oak_door_upper", "rotation": 0 },
                "up": { "uv": [ 14.5, 0.0, 16.0, 2.5 ], "texture": "#dark_oak_door_upper", "rotation": 270 },
                "down": { "uv": [ 7.5, 9.5, 9.0, 12.5 ], "texture": "#dark_oak_door_upper", "rotation": 90 }
            }
        },
        {   "__comment": "Cube",
            "from": [ 0.0, 10.0, 14.5 ],
            "to": [ 3.0, 16.0, 16.0 ],
            "faces": {
                "east": { "uv": [ 0.0, 0.0, 1.5, 6.0 ], "texture": "#dark_oak_door_upper", "rotation": 0 },
                "north": { "uv": [ 1.0, 0.0, 1.5, 6.0 ], "texture": "#dark_oak_door_upper", "rotation": 0 },
                "west": { "uv": [ 14.5, 0.0, 16.0, 6.0 ], "texture": "#dark_oak_door_upper", "rotation": 0 },
                "south": { "uv": [ 2.5, 8.0, 5.5, 14.0 ], "texture": "#dark_oak_door_upper", "rotation": 0 },
                "up": { "uv": [ 0.0, 0.0, 1.5, 2.5 ], "texture": "#dark_oak_door_upper", "rotation": 270 },
                "down": { "uv": [ 10.5, 11.0, 12.0, 14.0 ], "texture": "#dark_oak_door_upper", "rotation": 90 }
            }
        }
    ]
}
