{
    "__comment": "This model was created with freundTech's Blender2Minecraft converter (BETA)",
    "ambientocclusion": false,
    "textures": {
        "iron_door_upper": "blocks/iron_door_upper",
        "particle": "blocks/iron_door_upper"
    },
    "elements": [
        {   "__comment": "Cube",
            "from": [ 0.5, 0.0, 0.5 ],
            "to": [ 2.5, 15.5, 5.5 ],
            "faces": {
                "east": { "uv": [ 10.5, 0.5, 15.5, 16.0 ], "texture": "#iron_door_upper", "rotation": 0 },
                "north": { "uv": [ 11.5, 0.0, 16.0, 16.0 ], "texture": "#iron_door_upper", "rotation": 0 },
                "west": { "uv": [ 0.5, 0.5, 5.5, 16.0 ], "texture": "#iron_door_upper", "rotation": 0 },
                "south": { "uv": [ 0.0, 0.0, 16.0, 16.0 ], "texture": "#iron_door_upper", "rotation": 0 },
                "up": { "uv": [ 0.0, 0.0, 16.0, 2.5 ], "texture": "#iron_door_upper", "rotation": 270 },
                "down": { "uv": [ 0.0, 0.0, 16.0, 16.0 ], "texture": "#iron_door_upper", "rotation": 90 }
            }
        },
        {   "__comment": "Cube",
            "from": [ 0.5, 0.0, 10.5 ],
            "to": [ 2.5, 15.5, 15.5 ],
            "faces": {
                "east": { "uv": [ 0.5, 0.5, 5.5, 16.0 ], "texture": "#iron_door_upper", "rotation": 0 },
                "north": { "uv": [ 0.0, 0.0, 16.0, 16.0 ], "texture": "#iron_door_upper", "rotation": 0 },
                "west": { "uv": [ 10.5, 0.5, 15.5, 16.0 ], "texture": "#iron_door_upper", "rotation": 0 },
                "south": { "uv": [ 0.0, 0.0, 16.0, 16.0 ], "texture": "#iron_door_upper", "rotation": 0 },
                "up": { "uv": [ 0.0, 0.0, 16.0, 16.0 ], "texture": "#iron_door_upper", "rotation": 270 },
                "down": { "uv": [ 0.0, 0.0, 16.0, 16.0 ], "texture": "#iron_door_upper", "rotation": 90 }
            }
        },
        {   "__comment": "Cube",
            "from": [ 0.5, 9.0, 5.5 ],
            "to": [ 2.5, 15.5, 10.5 ],
            "faces": {
                "east": { "uv": [ 5.5, 0.5, 10.5, 7.0 ], "texture": "#iron_door_upper", "rotation": 0 },
                "north": { "uv": [ 0.0, 0.0, 16.0, 16.0 ], "texture": "#iron_door_upper", "rotation": 0 },
                "west": { "uv": [ 5.5, 0.5, 10.5, 7.0 ], "texture": "#iron_door_upper", "rotation": 0 },
                "south": { "uv": [ 0.0, 0.0, 16.0, 16.0 ], "texture": "#iron_door_upper", "rotation": 0 },
                "up": { "uv": [ 0.0, 0.0, 16.0, 16.0 ], "texture": "#iron_door_upper", "rotation": 270 },
                "down": { "uv": [ 0.0, 0.0, 16.0, 16.0 ], "texture": "#iron_door_upper", "rotation": 90 }
            }
        },
        {   "__comment": "Cube",
            "from": [ 0.5, 0.0, 5.5 ],
            "to": [ 2.5, 6.0, 10.5 ],
            "faces": {
                "east": { "uv": [ 5.5, 10.0, 10.5, 16.0 ], "texture": "#iron_door_upper", "rotation": 0 },
                "north": { "uv": [ 0.0, 0.0, 16.0, 16.0 ], "texture": "#iron_door_upper", "rotation": 0 },
                "west": { "uv": [ 5.5, 10.0, 10.5, 16.0 ], "texture": "#iron_door_upper", "rotation": 0 },
                "south": { "uv": [ 0.0, 0.0, 16.0, 16.0 ], "texture": "#iron_door_upper", "rotation": 0 },
                "up": { "uv": [ 0.0, 0.0, 16.0, 16.0 ], "texture": "#iron_door_upper", "rotation": 270 },
                "down": { "uv": [ 0.0, 0.0, 16.0, 16.0 ], "texture": "#iron_door_upper", "rotation": 90 }
            }
        },
        {   "__comment": "Cube",
            "from": [ 0.0, 0.0, 0.0 ],
            "to": [ 3.0, 16.0, 1.0 ],
            "faces": {
                "east": { "uv": [ 15.0, 0.0, 16.0, 16.0 ], "texture": "#iron_door_upper", "rotation": 0 },
                "north": { "uv": [ 3.0, 0.0, 6.0, 16.0 ], "texture": "#iron_door_upper", "rotation": 0 },
                "west": { "uv": [ 0.0, 0.0, 1.0, 16.0 ], "texture": "#iron_door_upper", "rotation": 0 },
                "south": { "uv": [ 14.5, 0.0, 15.0, 16.0 ], "texture": "#iron_door_upper", "rotation": 0 },
                "up": { "uv": [ 15.0, 0.0, 16.0, 2.5 ], "texture": "#iron_door_upper", "rotation": 270 },
                "down": { "uv": [ 0.0, 0.0, 16.0, 16.0 ], "texture": "#iron_door_upper", "rotation": 90 }
            }
        },
        {   "__comment": "Cube",
            "from": [ 0.0, 0.0, 15.0 ],
            "to": [ 3.0, 16.0, 16.0 ],
            "faces": {
                "east": { "uv": [ 0.0, 0.0, 1.0, 16.0 ], "texture": "#iron_door_upper", "rotation": 0 },
                "north": { "uv": [ 1.0, 0.0, 1.5, 16.0 ], "texture": "#iron_door_upper", "rotation": 0 },
                "west": { "uv": [ 15.0, 0.0, 16.0, 16.0 ], "texture": "#iron_door_upper", "rotation": 0 },
                "south": { "uv": [ 10.0, 0.0, 13.0, 16.0 ], "texture": "#iron_door_upper", "rotation": 0 },
                "up": { "uv": [ 0.0, 0.0, 1.0, 2.5 ], "texture": "#iron_door_upper", "rotation": 270 },
                "down": { "uv": [ 0.0, 0.0, 16.0, 16.0 ], "texture": "#iron_door_upper", "rotation": 90 }
            }
        },
        {   "__comment": "Cube",
            "from": [ 0.0, 14.0, 1.0 ],
            "to": [ 3.0, 16.0, 15.0 ],
            "faces": {
                "east": { "uv": [ 1.0, 0.0, 15.0, 2.0 ], "texture": "#iron_door_upper", "rotation": 0 },
                "north": { "uv": [ 0.0, 0.0, 16.0, 16.0 ], "texture": "#iron_door_upper", "rotation": 0 },
                "west": { "uv": [ 1.0, 0.0, 15.0, 2.0 ], "texture": "#iron_door_upper", "rotation": 0 },
                "south": { "uv": [ 0.0, 0.0, 16.0, 16.0 ], "texture": "#iron_door_upper", "rotation": 0 },
                "up": { "uv": [ 1.0, 0.0, 15.0, 2.5 ], "texture": "#iron_door_upper", "rotation": 270 },
                "down": { "uv": [ 1.0, 1.5, 15.0, 2.5 ], "texture": "#iron_door_upper", "rotation": 90 }
            }
        },
        {   "__comment": "Cube",
            "from": [ 0.0, 5.5, 5.0 ],
            "to": [ 3.0, 9.5, 6.0 ],
            "faces": {
                "east": { "uv": [ 10.0, 6.5, 11.0, 10.5 ], "texture": "#iron_door_upper", "rotation": 0 },
                "north": { "uv": [ 14.5, 6.5, 15.0, 10.5 ], "texture": "#iron_door_upper", "rotation": 0 },
                "west": { "uv": [ 5.0, 6.5, 6.0, 10.5 ], "texture": "#iron_door_upper", "rotation": 0 },
                "south": { "uv": [ 6.5, 2.5, 10.0, 6.5 ], "texture": "#iron_door_upper", "rotation": 0 },
                "up": { "uv": [ 8.0, 1.5, 9.0, 2.5 ], "texture": "#iron_door_upper", "rotation": 270 },
                "down": { "uv": [ 5.0, 1.5, 6.0, 2.5 ], "texture": "#iron_door_upper", "rotation": 90 }
            }
        },
        {   "__comment": "Cube",
            "from": [ 0.0, 5.5, 10.0 ],
            "to": [ 3.0, 9.5, 11.0 ],
            "faces": {
                "east": { "uv": [ 5.0, 6.5, 6.0, 10.5 ], "texture": "#iron_door_upper", "rotation": 0 },
                "north": { "uv": [ 6.0, 2.5, 9.5, 6.5 ], "texture": "#iron_door_upper", "rotation": 0 },
                "west": { "uv": [ 10.0, 6.5, 11.0, 10.5 ], "texture": "#iron_door_upper", "rotation": 0 },
                "south": { "uv": [ 1.0, 6.5, 1.5, 10.5 ], "texture": "#iron_door_upper", "rotation": 0 },
                "up": { "uv": [ 5.0, 1.5, 6.0, 2.5 ], "texture": "#iron_door_upper", "rotation": 270 },
                "down": { "uv": [ 5.0, 1.5, 6.0, 2.5 ], "texture": "#iron_door_upper", "rotation": 90 }
            }
        },
        {   "__comment": "Cube",
            "from": [ 0.0, 8.5, 6.0 ],
            "to": [ 3.0, 9.5, 10.0 ],
            "faces": {
                "east": { "uv": [ 6.0, 6.5, 10.0, 7.5 ], "texture": "#iron_door_upper", "rotation": 0 },
                "north": { "uv": [ 0.0, 0.0, 16.0, 16.0 ], "texture": "#iron_door_upper", "rotation": 0 },
                "west": { "uv": [ 6.0, 6.5, 10.0, 7.5 ], "texture": "#iron_door_upper", "rotation": 0 },
                "south": { "uv": [ 0.0, 0.0, 16.0, 16.0 ], "texture": "#iron_door_upper", "rotation": 0 },
                "up": { "uv": [ 6.0, 1.5, 10.0, 2.5 ], "texture": "#iron_door_upper", "rotation": 270 },
                "down": { "uv": [ 0.0, 0.0, 16.0, 16.0 ], "texture": "#iron_door_upper", "rotation": 90 }
            }
        },
        {   "__comment": "Cube",
            "from": [ 0.0, 5.5, 6.0 ],
            "to": [ 3.0, 6.5, 10.0 ],
            "faces": {
                "east": { "uv": [ 6.0, 9.5, 10.0, 10.5 ], "texture": "#iron_door_upper", "rotation": 0 },
                "north": { "uv": [ 0.0, 0.0, 16.0, 16.0 ], "texture": "#iron_door_upper", "rotation": 0 },
                "west": { "uv": [ 6.0, 9.5, 10.0, 10.5 ], "texture": "#iron_door_upper", "rotation": 0 },
                "south": { "uv": [ 0.0, 0.0, 16.0, 16.0 ], "texture": "#iron_door_upper", "rotation": 0 },
                "up": { "uv": [ 6.0, 3.0, 10.0, 5.5 ], "texture": "#iron_door_upper", "rotation": 270 },
                "down": { "uv": [ 6.0, 1.5, 10.0, 2.5 ], "texture": "#iron_door_upper", "rotation": 90 }
            }
        }
    ]
}
