{
    "__comment": "This model was created with freundTech's Blender2Minecraft converter (BETA)",
    "ambientocclusion": false,
    "textures": {
        "spruce_door_upper": "blocks/spruce_door_upper",
        "particle": "blocks/spruce_door_upper"
    },
    "elements": [
        {   "__comment": "Cube",
            "from": [ 0.5, 9.0, 0.0 ],
            "to": [ 2.5, 15.5, 16.0 ],
            "faces": {
                "east": { "uv": [ 16.0, 0.5, 0.0, 7.0 ], "texture": "#spruce_door_upper", "rotation": 0 },
                "north": { "uv": [ 0.0, 0.5, 2.5, 7.0 ], "texture": "#spruce_door_upper", "rotation": 0 },
                "west": { "uv": [ 0.0, 0.5, 16.0, 7.0 ], "texture": "#spruce_door_upper", "rotation": 0 },
                "south": { "uv": [ 0.0, 0.5, 2.5, 7.0 ], "texture": "#spruce_door_upper", "rotation": 0 },
                "up": { "uv": [ 0.0, 1.5, 16.0, 3.5 ], "texture": "#spruce_door_upper", "rotation": 270 },
                "down": { "uv": [ 0.0, 7.5, 16.0, 9.5 ], "texture": "#spruce_door_upper", "rotation": 90 }
            }
        },
        {   "__comment": "Cube",
            "from": [ 0.0, 10.5, 0.0 ],
            "to": [ 3.0, 12.5, 16.0 ],
            "faces": {
                "east": { "uv": [ 0.0, 3.5, 16.0, 5.5 ], "texture": "#spruce_door_upper", "rotation": 0 },
                "north": { "uv": [ 0.0, 3.5, 2.5, 5.5 ], "texture": "#spruce_door_upper", "rotation": 0 },
                "west": { "uv": [ 0.0, 3.5, 16.0, 5.5 ], "texture": "#spruce_door_upper", "rotation": 0 },
                "south": { "uv": [ 0.0, 3.5, 2.5, 5.5 ], "texture": "#spruce_door_upper", "rotation": 0 },
                "up": { "uv": [ 0.0, 3.5, 16.0, 4.0 ], "texture": "#spruce_door_upper", "rotation": 270 },
                "down": { "uv": [ 0.0, 5.0, 16.0, 5.5 ], "texture": "#spruce_door_upper", "rotation": 90 }
            }
        },
        {   "__comment": "Cube",
            "from": [ 0.0, 0.0, 0.0 ],
            "to": [ 3.0, 1.5, 16.0 ],
            "faces": {
                "east": { "uv": [ 0.0, 14.5, 16.0, 16.0 ], "texture": "#spruce_door_upper", "rotation": 0 },
                "north": { "uv": [ 0.0, 14.5, 2.5, 16.0 ], "texture": "#spruce_door_upper", "rotation": 0 },
                "west": { "uv": [ 0.0, 14.5, 16.0, 16.0 ], "texture": "#spruce_door_upper", "rotation": 0 },
                "south": { "uv": [ 0.0, 14.5, 2.5, 16.0 ], "texture": "#spruce_door_upper", "rotation": 0 },
                "up": { "uv": [ 0.0, 14.5, 16.0, 15.0 ], "texture": "#spruce_door_upper", "rotation": 270 },
                "down": { "uv": [ 0.0, 5.0, 16.0, 5.5 ], "texture": "#spruce_door_upper", "rotation": 90 }
            }
        },
        {   "__comment": "Cube",
            "from": [ 0.5, 15.5, 0.5 ],
            "to": [ 2.5, 16.0, 2.5 ],
            "faces": {
                "east": { "uv": [ 2.5, 0.0, 0.5, 0.5 ], "texture": "#spruce_door_upper", "rotation": 0 },
                "north": { "uv": [ 0.0, 13.5, 2.5, 14.0 ], "texture": "#spruce_door_upper", "rotation": 0 },
                "west": { "uv": [ 0.5, 0.0, 2.0, 0.5 ], "texture": "#spruce_door_upper", "rotation": 0 },
                "south": { "uv": [ 0.0, 13.0, 2.5, 13.5 ], "texture": "#spruce_door_upper", "rotation": 0 },
                "up": { "uv": [ 0.5, 5.5, 2.0, 7.5 ], "texture": "#spruce_door_upper", "rotation": 270 },
                "down": { "uv": [ 0.5, 7.5, 2.0, 9.5 ], "texture": "#spruce_door_upper", "rotation": 90 }
            }
        },
        {   "__comment": "Cube",
            "from": [ 0.5, 15.5, 3.0 ],
            "to": [ 2.5, 16.0, 6.5 ],
            "faces": {
                "east": { "uv": [ 6.5, 0.0, 3.0, 0.5 ], "texture": "#spruce_door_upper", "rotation": 0 },
                "north": { "uv": [ 0.0, 11.5, 2.5, 12.0 ], "texture": "#spruce_door_upper", "rotation": 0 },
                "west": { "uv": [ 3.0, 0.0, 6.5, 0.5 ], "texture": "#spruce_door_upper", "rotation": 0 },
                "south": { "uv": [ 0.0, 11.5, 2.5, 12.0 ], "texture": "#spruce_door_upper", "rotation": 0 },
                "up": { "uv": [ 9.5, 1.5, 13.0, 3.5 ], "texture": "#spruce_door_upper", "rotation": 270 },
                "down": { "uv": [ 3.0, 7.5, 6.5, 9.5 ], "texture": "#spruce_door_upper", "rotation": 90 }
            }
        },
        {   "__comment": "Cube",
            "from": [ 0.5, 15.5, 8.0 ],
            "to": [ 2.5, 16.0, 12.5 ],
            "faces": {
                "east": { "uv": [ 12.5, 0.0, 8.0, 0.5 ], "texture": "#spruce_door_upper", "rotation": 0 },
                "north": { "uv": [ 0.0, 13.5, 2.5, 14.0 ], "texture": "#spruce_door_upper", "rotation": 0 },
                "west": { "uv": [ 8.0, 0.0, 12.5, 0.5 ], "texture": "#spruce_door_upper", "rotation": 0 },
                "south": { "uv": [ 0.0, 13.0, 2.5, 13.5 ], "texture": "#spruce_door_upper", "rotation": 0 },
                "up": { "uv": [ 8.0, 1.5, 12.5, 3.5 ], "texture": "#spruce_door_upper", "rotation": 270 },
                "down": { "uv": [ 7.5, 7.5, 10.0, 9.5 ], "texture": "#spruce_door_upper", "rotation": 90 }
            }
        },
        {   "__comment": "Cube",
            "from": [ 0.5, 15.5, 13.5 ],
            "to": [ 2.5, 16.0, 15.5 ],
            "faces": {
                "east": { "uv": [ 15.5, 0.0, 13.5, 0.5 ], "texture": "#spruce_door_upper", "rotation": 0 },
                "north": { "uv": [ 0.0, 13.5, 2.5, 14.0 ], "texture": "#spruce_door_upper", "rotation": 0 },
                "west": { "uv": [ 13.5, 0.0, 15.5, 0.5 ], "texture": "#spruce_door_upper", "rotation": 0 },
                "south": { "uv": [ 0.0, 13.5, 2.5, 14.0 ], "texture": "#spruce_door_upper", "rotation": 0 },
                "up": { "uv": [ 13.5, 1.5, 15.5, 3.5 ], "texture": "#spruce_door_upper", "rotation": 270 },
                "down": { "uv": [ 10.5, 7.5, 16.0, 9.5 ], "texture": "#spruce_door_upper", "rotation": 90 }
            }
        },
        {   "__comment": "Cube",
            "from": [ 0.5, 1.0, 0.0 ],
            "to": [ 2.5, 3.0, 16.0 ],
            "faces": {
                "east": { "uv": [ 0.0, 13.0, 16.0, 15.0 ], "texture": "#spruce_door_upper", "rotation": 0 },
                "north": { "uv": [ 0.0, 13.0, 2.5, 15.0 ], "texture": "#spruce_door_upper", "rotation": 0 },
                "west": { "uv": [ 0.0, 13.0, 16.0, 15.0 ], "texture": "#spruce_door_upper", "rotation": 0 },
                "south": { "uv": [ 0.0, 13.0, 2.5, 15.0 ], "texture": "#spruce_door_upper", "rotation": 0 },
                "up": { "uv": [ 0.0, 1.5, 16.0, 3.5 ], "texture": "#spruce_door_upper", "rotation": 270 },
                "down": { "uv": [ 0.0, 7.5, 16.0, 9.5 ], "texture": "#spruce_door_upper", "rotation": 90 }
            }
        },
        {   "__comment": "Cube",
            "from": [ 0.5, 3.0, 0.0 ],
            "to": [ 2.5, 9.0, 3.5 ],
            "faces": {
                "east": { "uv": [ 12.5, 7.0, 16.0, 13.0 ], "texture": "#spruce_door_upper", "rotation": 0 },
                "north": { "uv": [ 0.0, 7.0, 2.0, 13.0 ], "texture": "#spruce_door_upper", "rotation": 0 },
                "west": { "uv": [ 0.0, 7.0, 3.5, 13.0 ], "texture": "#spruce_door_upper", "rotation": 0 },
                "south": { "uv": [ 0.0, 7.0, 2.5, 13.0 ], "texture": "#spruce_door_upper", "rotation": 0 },
                "up": { "uv": [ 0.0, 1.5, 16.0, 3.5 ], "texture": "#spruce_door_upper", "rotation": 270 },
                "down": { "uv": [ 0.0, 7.5, 16.0, 9.5 ], "texture": "#spruce_door_upper", "rotation": 90 }
            }
        },
        {   "__comment": "Cube",
            "from": [ 0.5, 3.0, 12.5 ],
            "to": [ 2.5, 9.0, 16.0 ],
            "faces": {
                "east": { "uv": [ 0.0, 7.0, 3.5, 13.0 ], "texture": "#spruce_door_upper", "rotation": 0 },
                "north": { "uv": [ 0.0, 7.0, 2.0, 13.0 ], "texture": "#spruce_door_upper", "rotation": 0 },
                "west": { "uv": [ 12.5, 7.0, 16.0, 13.0 ], "texture": "#spruce_door_upper", "rotation": 0 },
                "south": { "uv": [ 0.0, 7.0, 2.5, 13.0 ], "texture": "#spruce_door_upper", "rotation": 0 },
                "up": { "uv": [ 0.0, 1.5, 16.0, 3.5 ], "texture": "#spruce_door_upper", "rotation": 270 },
                "down": { "uv": [ 0.0, 7.5, 16.0, 9.5 ], "texture": "#spruce_door_upper", "rotation": 90 }
            }
        },
        {   "__comment": "Cube",
            "from": [ 0.0, 2.5, 4.0 ],
            "to": [ 3.0, 3.5, 12.0 ],
            "faces": {
                "east": { "uv": [ 4.0, 12.5, 12.0, 13.5 ], "texture": "#spruce_door_upper", "rotation": 0 },
                "north": { "uv": [ 4.0, 12.5, 6.5, 13.5 ], "texture": "#spruce_door_upper", "rotation": 0 },
                "west": { "uv": [ 4.0, 12.5, 12.0, 13.5 ], "texture": "#spruce_door_upper", "rotation": 0 },
                "south": { "uv": [ 4.0, 12.5, 6.5, 13.5 ], "texture": "#spruce_door_upper", "rotation": 0 },
                "up": { "uv": [ 4.0, 3.5, 12.0, 5.5 ], "texture": "#spruce_door_upper", "rotation": 270 },
                "down": { "uv": [ 4.0, 13.0, 12.0, 13.5 ], "texture": "#spruce_door_upper", "rotation": 90 }
            }
        },
        {   "__comment": "Cube",
            "from": [ 0.0, 8.5, 4.0 ],
            "to": [ 3.0, 9.5, 12.0 ],
            "faces": {
                "east": { "uv": [ 4.0, 6.5, 12.0, 7.5 ], "texture": "#spruce_door_upper", "rotation": 0 },
                "north": { "uv": [ 4.0, 6.5, 6.5, 7.5 ], "texture": "#spruce_door_upper", "rotation": 0 },
                "west": { "uv": [ 4.0, 6.5, 12.0, 7.5 ], "texture": "#spruce_door_upper", "rotation": 0 },
                "south": { "uv": [ 4.0, 6.5, 6.5, 7.5 ], "texture": "#spruce_door_upper", "rotation": 0 },
                "up": { "uv": [ 4.0, 6.5, 12.0, 7.5 ], "texture": "#spruce_door_upper", "rotation": 270 },
                "down": { "uv": [ 12.0, 3.5, 4.0, 5.5 ], "texture": "#spruce_door_upper", "rotation": 270 }
            }
        },
        {   "__comment": "Cube",
            "from": [ 0.0, 2.5, 3.0 ],
            "to": [ 3.0, 9.5, 4.0 ],
            "faces": {
                "east": { "uv": [ 12.0, 6.5, 13.0, 13.5 ], "texture": "#spruce_door_upper", "rotation": 0 },
                "north": { "uv": [ 12.0, 6.5, 13.0, 13.5 ], "texture": "#spruce_door_upper", "rotation": 0 },
                "west": { "uv": [ 12.0, 6.5, 13.0, 13.5 ], "texture": "#spruce_door_upper", "rotation": 0 },
                "south": { "uv": [ 12.0, 6.5, 13.0, 13.5 ], "texture": "#spruce_door_upper", "rotation": 0 },
                "up": { "uv": [ 4.0, 6.5, 12.0, 7.5 ], "texture": "#spruce_door_upper", "rotation": 270 },
                "down": { "uv": [ 12.0, 3.5, 4.0, 5.5 ], "texture": "#spruce_door_upper", "rotation": 270 }
            }
        },
        {   "__comment": "Cube",
            "from": [ 0.0, 2.5, 12.0 ],
            "to": [ 3.0, 9.5, 13.0 ],
            "faces": {
                "east": { "uv": [ 12.0, 6.5, 13.0, 13.5 ], "texture": "#spruce_door_upper", "rotation": 0 },
                "north": { "uv": [ 12.0, 6.5, 13.0, 13.5 ], "texture": "#spruce_door_upper", "rotation": 0 },
                "west": { "uv": [ 12.0, 6.5, 13.0, 13.5 ], "texture": "#spruce_door_upper", "rotation": 0 },
                "south": { "uv": [ 12.0, 6.5, 13.0, 13.5 ], "texture": "#spruce_door_upper", "rotation": 0 },
                "up": { "uv": [ 4.0, 6.5, 12.0, 7.5 ], "texture": "#spruce_door_upper", "rotation": 270 },
                "down": { "uv": [ 12.0, 3.5, 4.0, 5.5 ], "texture": "#spruce_door_upper", "rotation": 270 }
            }
        },
        {   "__comment": "Cube",
            "from": [ 1.0, 2.5, 10.0 ],
            "to": [ 2.0, 9.5, 11.0 ],
            "faces": {
                "east": { "uv": [ 5.0, 6.5, 6.0, 13.5 ], "texture": "#spruce_door_upper", "rotation": 0 },
                "north": { "uv": [ 5.0, 6.5, 6.0, 13.5 ], "texture": "#spruce_door_upper", "rotation": 0 },
                "west": { "uv": [ 5.0, 6.5, 6.0, 13.5 ], "texture": "#spruce_door_upper", "rotation": 0 },
                "south": { "uv": [ 5.0, 6.5, 6.0, 13.5 ], "texture": "#spruce_door_upper", "rotation": 0 },
                "up": { "uv": [ 4.0, 6.5, 12.0, 7.5 ], "texture": "#spruce_door_upper", "rotation": 270 },
                "down": { "uv": [ 12.0, 3.5, 4.0, 5.5 ], "texture": "#spruce_door_upper", "rotation": 270 }
            }
        },
        {   "__comment": "Cube",
            "from": [ 1.0, 2.5, 7.5 ],
            "to": [ 2.0, 9.5, 8.5 ],
            "faces": {
                "east": { "uv": [ 7.5, 6.5, 8.5, 13.5 ], "texture": "#spruce_door_upper", "rotation": 0 },
                "north": { "uv": [ 7.5, 6.5, 8.5, 13.5 ], "texture": "#spruce_door_upper", "rotation": 0 },
                "west": { "uv": [ 7.5, 6.5, 8.5, 13.5 ], "texture": "#spruce_door_upper", "rotation": 0 },
                "south": { "uv": [ 7.5, 6.5, 8.5, 13.5 ], "texture": "#spruce_door_upper", "rotation": 0 },
                "up": { "uv": [ 4.0, 6.5, 12.0, 7.5 ], "texture": "#spruce_door_upper", "rotation": 270 },
                "down": { "uv": [ 12.0, 3.5, 4.0, 5.5 ], "texture": "#spruce_door_upper", "rotation": 270 }
            }
        },
        {   "__comment": "Cube",
            "from": [ 1.0, 2.5, 5.0 ],
            "to": [ 2.0, 9.5, 6.0 ],
            "faces": {
                "east": { "uv": [ 10.0, 6.5, 11.0, 13.5 ], "texture": "#spruce_door_upper", "rotation": 0 },
                "north": { "uv": [ 10.0, 6.5, 11.0, 13.5 ], "texture": "#spruce_door_upper", "rotation": 0 },
                "west": { "uv": [ 10.0, 6.5, 11.0, 13.5 ], "texture": "#spruce_door_upper", "rotation": 0 },
                "south": { "uv": [ 10.0, 6.5, 11.0, 13.5 ], "texture": "#spruce_door_upper", "rotation": 0 },
                "up": { "uv": [ 4.0, 6.5, 12.0, 7.5 ], "texture": "#spruce_door_upper", "rotation": 270 },
                "down": { "uv": [ 12.0, 3.5, 4.0, 5.5 ], "texture": "#spruce_door_upper", "rotation": 270 }
            }
        }
    ]
}
