{
    "parent": "block/cube",
    "textures": {
        "particle": "blocks/mushroom_block_inside",
        "down": "blocks/variants/mushroom/mushroom_block_inside_1",
        "up": "blocks/variants/mushroom/mushroom_block_skin_brown_1",
        "north": "blocks/variants/mushroom/mushroom_block_skin_brown_1",
        "east": "blocks/variants/mushroom/mushroom_block_skin_brown_1",
        "south": "blocks/mushroom_block_inside",
        "west": "blocks/variants/mushroom/mushroom_block_inside_1"
    }
}
