{
    "variants": {
        "normal": [
            { "model": "dirt" },
            { "model": "random/dirt/dirt_1" },
            { "model": "random/dirt/dirt_2" },
            { "model": "random/dirt/dirt_3" },
            { "model": "random/dirt/dirt_4" },
            { "model": "random/dirt/dirt_5" },
            { "model": "random/dirt/dirt_6" },
            { "model": "random/dirt/dirt_7" },
            { "model": "random/dirt/dirt_8" },
            { "model": "random/dirt/dirt_9" }
        ]
    }
}
