{
    "variants": {
        "normal": [
            { "model": "bookshelf" },
            { "model": "random/bookshelf/bookshelf_1" },
            { "model": "random/bookshelf/bookshelf_2" },
            { "model": "random/bookshelf/bookshelf_3" },
            { "model": "random/bookshelf/bookshelf_4" },
            { "model": "random/bookshelf/bookshelf_5" },
            { "model": "random/bookshelf/bookshelf_6" },
            { "model": "random/bookshelf/bookshelf_7" },
            { "model": "random/bookshelf/bookshelf_8" }
        ]
    }
}
