{
    "variants": {
        "snowy=false": [
            { "model": "grass_normal" },
            { "model": "random/grass/grass_normal_1" },
            { "model": "random/grass/grass_normal_2" },
            { "model": "random/grass/grass_normal_3" },
            { "model": "random/grass/grass_normal_4" },
            { "model": "random/grass/grass_normal_5" },
            { "model": "random/grass/grass_normal_6" },
            { "model": "random/grass/grass_normal_7" },
            { "model": "random/grass/grass_normal_8" },
            { "model": "random/grass/grass_normal_9" },
            { "model": "random/grass/grass_normal_10" }
        ],
        "snowy=true":  { "model": "grass_snowed" }
    }
}
