{
    "variants": {
        "normal": [
            { "model": "lit_redstone_ore" },
            { "model": "random/ore/redstone/lit_redstone_ore_1" },
            { "model": "random/ore/redstone/lit_redstone_ore_2" },
            { "model": "random/ore/redstone/lit_redstone_ore_3" },
            { "model": "random/ore/redstone/lit_redstone_ore_4" },
            { "model": "random/ore/redstone/lit_redstone_ore_5" },
            { "model": "random/ore/redstone/lit_redstone_ore_6" }
        ]
    }
}
