{
    "__createdwith": "opl's Model Creator",
    "ambientocclusion": false,
    "textures": {
        "texture": "blocks/chorus_plant",
        "particle": "blocks/chorus_plant",
        "inside": "blocks/chorus_flower_dead"
    },
    "elements": [
        {
            "from": [6,6,6],
            "to": [10,10,10],
            "faces": {
                "up": {
                    "texture": "#inside"
                },
                "down": {
                    "texture": "#inside"
                },
                "north": {
                    "texture": "#inside"
                },
                "south": {
                    "texture": "#inside"
                },
                "west": {
                    "texture": "#inside"
                },
                "east": {
                    "texture": "#inside"
                }
            }
        },
        {
            "from": [7.5,0,7.5],
            "to": [8.5,8,8.5],
            "faces": {
                "up": {
                    "texture": "#texture"
                },
                "down": {
                    "texture": "#texture"
                },
                "north": {
                    "texture": "#texture"
                },
                "south": {
                    "texture": "#texture"
                },
                "west": {
                    "texture": "#texture"
                },
                "east": {
                    "texture": "#texture"
                }
            }
        }
    ]
}
