{
    "__createdwith": "opl's Model Creator",
    "ambientocclusion": false,
    "textures": {
        "glass": "blocks/glass",
        "obsidian": "blocks/obsidian",
        "beacon": "blocks/beacon",
        "particle": "blocks/glass"
    },
    "elements": [
        {
            "from": [0,0,0],
            "to": [16,16,16],
            "faces": {
                "up": {
                    "texture": "#glass"
                },
                "down": {
                    "texture": "#glass"
                },
                "west": {
                    "texture": "#glass"
                },
                "east": {
                    "texture": "#glass"
                },
                "north": {
                    "texture": "#glass"
                },
                "south": {
                    "texture": "#glass"
                }
            }
        },
        {
            "from": [2,0.1,2],
            "to": [14,3,14],
            "faces": {
                "up": {
                    "texture": "#obsidian"
                },
                "down": {
                    "texture": "#obsidian"
                },
                "west": {
                    "uv": [2,13,14,16],
                    "texture": "#obsidian"
                },
                "east": {
                    "uv": [2,13,14,16],
                    "texture": "#obsidian"
                },
                "north": {
                    "uv": [2,13,14,16],
                    "texture": "#obsidian"
                },
                "south": {
                    "uv": [2,13,14,16],
                    "texture": "#obsidian"
                }
            }
        },
        {
            "from": [3,3,3],
            "to": [13,14,13],
            "faces": {
                "up": {
                    "texture": "#beacon"
                },
                "down": {
                    "texture": "#beacon"
                },
                "west": {
                    "uv": [3,3,13,14],
                    "texture": "#beacon"
                },
                "east": {
                    "uv": [3,3,13,14],
                    "texture": "#beacon"
                },
                "north": {
                    "uv": [3,3,13,14],
                    "texture": "#beacon"
                },
                "south": {
                    "uv": [3,3,13,14],
                    "texture": "#beacon"
                }
            }
        }
    ]
}